valid_avg_worker_reward,valid_avg_requester_reward,valid_avg_combined_reward,valid_hitrate_at_1,valid_avg_score,valid_winner_rate,valid_finalist_rate,valid_withdrawn_rate,valid_avg_worker_quality,valid_project_coverage,valid_category_diversity,test_avg_worker_reward,test_avg_requester_reward,test_avg_combined_reward,test_hitrate_at_1,test_avg_score,test_winner_rate,test_finalist_rate,test_withdrawn_rate,test_avg_worker_quality,test_project_coverage,test_category_diversity
0.5568518027401739,0.607974494850242,0.582413148795208,0.5102183406113537,0.8191441048034934,0.005275109170305677,0.005310043668122271,0.19724017467248908,0.8887726381421511,0.12035185925629747,7.0,0.5575696094568134,0.6212670518773545,0.5894183306670839,0.5078949207014603,0.7131977922168657,0.005903723887375113,0.005938657164815203,0.15520855166631733,0.8913154838660511,0.12275089964014395,7.0
