{
  "artifact_dir": "/Users/amourlion/ecnu_rl_2026_final_proj/artifacts/processed",
  "output_dir": "/Users/amourlion/ecnu_rl_2026_final_proj/exps/double_dqn/outputs/v1",
  "experiment_name": "double_dqn",
  "reward_type": "combined",
  "network_type": "dqn",
  "replay_type": "uniform",
  "double_dqn": true,
  "candidate_k": 20,
  "alpha": 0.5,
  "lambda_repeat": 0.02,
  "train_steps": 133584,
  "eval_max_steps": null,
  "batch_size": 64,
  "min_replay_size": 1000,
  "replay_capacity": 50000,
  "gamma": 0.99,
  "learning_rate": 0.0005,
  "hidden_dim": 128,
  "target_update_interval": 1000,
  "epsilon_start": 1.0,
  "epsilon_end": 0.05,
  "epsilon_decay_steps": 80000,
  "per_alpha": 0.6,
  "per_beta_start": 0.4,
  "per_beta_end": 1.0,
  "priority_epsilon": 1e-06,
  "seed": 42,
  "device": "cpu",
  "timing": {
    "train_duration_s": 564.668,
    "eval_duration_s": 114.243,
    "total_duration_s": 678.912
  },
  "metrics": {
    "valid_avg_worker_reward": 0.5568518027401739,
    "valid_avg_requester_reward": 0.607974494850242,
    "valid_avg_combined_reward": 0.582413148795208,
    "valid_hitrate_at_1": 0.5102183406113537,
    "valid_avg_score": 0.8191441048034934,
    "valid_winner_rate": 0.005275109170305677,
    "valid_finalist_rate": 0.005310043668122271,
    "valid_withdrawn_rate": 0.19724017467248908,
    "valid_avg_worker_quality": 0.8887726381421511,
    "valid_project_coverage": 0.12035185925629747,
    "valid_category_diversity": 7.0,
    "test_avg_worker_reward": 0.5575696094568134,
    "test_avg_requester_reward": 0.6212670518773545,
    "test_avg_combined_reward": 0.5894183306670839,
    "test_hitrate_at_1": 0.5078949207014603,
    "test_avg_score": 0.7131977922168657,
    "test_winner_rate": 0.005903723887375113,
    "test_finalist_rate": 0.005938657164815203,
    "test_withdrawn_rate": 0.15520855166631733,
    "test_avg_worker_quality": 0.8913154838660511,
    "test_project_coverage": 0.12275089964014395,
    "test_category_diversity": 7.0
  }
}