valid_avg_worker_reward,valid_avg_requester_reward,valid_avg_combined_reward,valid_hitrate_at_1,valid_avg_score,valid_winner_rate,valid_finalist_rate,valid_withdrawn_rate,valid_avg_worker_quality,valid_project_coverage,valid_category_diversity,test_avg_worker_reward,test_avg_requester_reward,test_avg_combined_reward,test_hitrate_at_1,test_avg_score,test_winner_rate,test_finalist_rate,test_withdrawn_rate,test_avg_worker_quality,test_project_coverage,test_category_diversity
0.5718679064541768,0.618642335136734,0.5952551207954554,0.5510132774283718,0.7557651991614256,0.005241090146750524,0.005241090146750524,0.22117400419287211,0.8820576453732116,0.01799280287884846,4.0,0.39041769607236565,0.4477098181947645,0.419063757133565,0.37700908455625437,0.48392732354996504,0.0041928721174004195,0.0041928721174004195,0.11215932914046121,0.8938199730608196,0.01879248300679728,5.0
