{
  "artifact_dir": "/Users/amourlion/ecnu_rl_2026_final_proj/artifacts/processed",
  "output_dir": "/Users/amourlion/ecnu_rl_2026_final_proj/exps/dqn_worker_reward/outputs/v1",
  "experiment_name": "dqn_worker_reward_1_10",
  "reward_type": "worker",
  "network_type": "dqn",
  "replay_type": "uniform",
  "double_dqn": false,
  "candidate_k": 20,
  "alpha": 0.5,
  "lambda_repeat": 0.02,
  "train_steps": 13358,
  "eval_max_steps": 2862,
  "batch_size": 64,
  "min_replay_size": 1000,
  "replay_capacity": 50000,
  "gamma": 0.99,
  "learning_rate": 0.0005,
  "hidden_dim": 128,
  "target_update_interval": 1000,
  "epsilon_start": 1.0,
  "epsilon_end": 0.05,
  "epsilon_decay_steps": 8000,
  "per_alpha": 0.6,
  "per_beta_start": 0.4,
  "per_beta_end": 1.0,
  "priority_epsilon": 1e-06,
  "seed": 42,
  "device": "mps",
  "timing": {
    "train_duration_s": 201.411,
    "eval_duration_s": 30.544,
    "total_duration_s": 231.956
  },
  "metrics": {
    "valid_avg_worker_reward": 0.5718679064541768,
    "valid_avg_requester_reward": 0.618642335136734,
    "valid_avg_combined_reward": 0.5952551207954554,
    "valid_hitrate_at_1": 0.5510132774283718,
    "valid_avg_score": 0.7557651991614256,
    "valid_winner_rate": 0.005241090146750524,
    "valid_finalist_rate": 0.005241090146750524,
    "valid_withdrawn_rate": 0.22117400419287211,
    "valid_avg_worker_quality": 0.8820576453732116,
    "valid_project_coverage": 0.01799280287884846,
    "valid_category_diversity": 4.0,
    "test_avg_worker_reward": 0.39041769607236565,
    "test_avg_requester_reward": 0.4477098181947645,
    "test_avg_combined_reward": 0.419063757133565,
    "test_hitrate_at_1": 0.37700908455625437,
    "test_avg_score": 0.48392732354996504,
    "test_winner_rate": 0.0041928721174004195,
    "test_finalist_rate": 0.0041928721174004195,
    "test_withdrawn_rate": 0.11215932914046121,
    "test_avg_worker_quality": 0.8938199730608196,
    "test_project_coverage": 0.01879248300679728,
    "test_category_diversity": 5.0
  }
}