valid_avg_worker_reward,valid_avg_requester_reward,valid_avg_combined_reward,valid_hitrate_at_1,valid_avg_score,valid_winner_rate,valid_finalist_rate,valid_withdrawn_rate,valid_avg_worker_quality,valid_project_coverage,valid_category_diversity,test_avg_worker_reward,test_avg_requester_reward,test_avg_combined_reward,test_hitrate_at_1,test_avg_score,test_winner_rate,test_finalist_rate,test_withdrawn_rate,test_avg_worker_quality,test_project_coverage,test_category_diversity
0.0023205763995218895,0.05425089335679795,0.028285734878159916,0.08104803493449782,0.12887336244541484,0.0008384279475982533,0.0009781659388646289,0.029414847161572052,0.8887726381421511,0.056377449020391844,7.0,-0.019526946866634226,0.03348414948741177,0.006978601310388777,0.06462656326416544,0.08268706770069167,0.0007685321036819675,0.0008383986585621463,0.01781597149444561,0.8913154838660511,0.053978408636545384,7.0
