{
  "artifact_dir": "/mnt/d/vDesktop/ecnu_rl_2026_final_proj/artifacts/processed",
  "output_dir": "/mnt/d/vDesktop/ecnu_rl_2026_final_proj/exps/dueling_dqn/outputs/v2",
  "experiment_name": "dueling_dqn",
  "reward_type": "combined",
  "network_type": "dueling",
  "replay_type": "uniform",
  "double_dqn": false,
  "candidate_k": 20,
  "alpha": 0.5,
  "train_steps": 133584,
  "eval_max_steps": null,
  "batch_size": 64,
  "min_replay_size": 1000,
  "replay_capacity": 50000,
  "gamma": 0.99,
  "learning_rate": 0.0005,
  "hidden_dim": 128,
  "target_update_interval": 1000,
  "epsilon_start": 1.0,
  "epsilon_end": 0.05,
  "epsilon_decay_steps": 80000,
  "per_alpha": 0.6,
  "per_beta_start": 0.4,
  "per_beta_end": 1.0,
  "priority_epsilon": 1e-06,
  "seed": 42,
  "device": "cuda",
  "timing": {
    "train_duration_s": 34088.394,
    "eval_duration_s": 1039.054,
    "total_duration_s": 35127.448
  },
  "metrics": {
    "valid_avg_worker_reward": 0.0023205763995218895,
    "valid_avg_requester_reward": 0.05425089335679795,
    "valid_avg_combined_reward": 0.028285734878159916,
    "valid_hitrate_at_1": 0.08104803493449782,
    "valid_avg_score": 0.12887336244541484,
    "valid_winner_rate": 0.0008384279475982533,
    "valid_finalist_rate": 0.0009781659388646289,
    "valid_withdrawn_rate": 0.029414847161572052,
    "valid_avg_worker_quality": 0.8887726381421511,
    "valid_project_coverage": 0.056377449020391844,
    "valid_category_diversity": 7.0,
    "test_avg_worker_reward": -0.019526946866634226,
    "test_avg_requester_reward": 0.03348414948741177,
    "test_avg_combined_reward": 0.006978601310388777,
    "test_hitrate_at_1": 0.06462656326416544,
    "test_avg_score": 0.08268706770069167,
    "test_winner_rate": 0.0007685321036819675,
    "test_finalist_rate": 0.0008383986585621463,
    "test_withdrawn_rate": 0.01781597149444561,
    "test_avg_worker_quality": 0.8913154838660511,
    "test_project_coverage": 0.053978408636545384,
    "test_category_diversity": 7.0
  }
}