valid_avg_worker_reward,valid_avg_requester_reward,valid_avg_combined_reward,valid_hitrate_at_1,valid_avg_score,valid_winner_rate,valid_finalist_rate,valid_withdrawn_rate,valid_avg_worker_quality,valid_project_coverage,valid_category_diversity,test_avg_worker_reward,test_avg_requester_reward,test_avg_combined_reward,test_hitrate_at_1,test_avg_score,test_winner_rate,test_finalist_rate,test_withdrawn_rate,test_avg_worker_quality,test_project_coverage,test_category_diversity
0.6124303664207553,0.665610848633339,0.639020607527047,0.5580087336244541,0.8745502183406113,0.005834061135371179,0.006008733624454149,0.2125414847161572,0.8887726381421511,0.1291483406637345,7.0,0.6010702772105402,0.6671713135683544,0.6341207953894472,0.5455879270593167,0.7600083839865857,0.0060783902745755606,0.006253056661776008,0.16579333473066443,0.8913154838660511,0.12994802079168333,7.0
