{
  "artifact_dir": "/Users/amourlion/ecnu_rl_2026_final_proj/artifacts/processed",
  "output_dir": "/Users/amourlion/ecnu_rl_2026_final_proj/exps/dqn_requester_reward/outputs/v1",
  "experiment_name": "dqn_requester_reward",
  "reward_type": "requester",
  "network_type": "dqn",
  "replay_type": "uniform",
  "double_dqn": false,
  "candidate_k": 20,
  "alpha": 0.5,
  "lambda_repeat": 0.02,
  "train_steps": 133584,
  "eval_max_steps": null,
  "batch_size": 64,
  "min_replay_size": 1000,
  "replay_capacity": 50000,
  "gamma": 0.99,
  "learning_rate": 0.0005,
  "hidden_dim": 128,
  "target_update_interval": 1000,
  "epsilon_start": 1.0,
  "epsilon_end": 0.05,
  "epsilon_decay_steps": 80000,
  "per_alpha": 0.6,
  "per_beta_start": 0.4,
  "per_beta_end": 1.0,
  "priority_epsilon": 1e-06,
  "seed": 42,
  "device": "cpu",
  "timing": {
    "train_duration_s": 512.778,
    "eval_duration_s": 115.181,
    "total_duration_s": 627.959
  },
  "metrics": {
    "valid_avg_worker_reward": 0.6124303664207553,
    "valid_avg_requester_reward": 0.665610848633339,
    "valid_avg_combined_reward": 0.639020607527047,
    "valid_hitrate_at_1": 0.5580087336244541,
    "valid_avg_score": 0.8745502183406113,
    "valid_winner_rate": 0.005834061135371179,
    "valid_finalist_rate": 0.006008733624454149,
    "valid_withdrawn_rate": 0.2125414847161572,
    "valid_avg_worker_quality": 0.8887726381421511,
    "valid_project_coverage": 0.1291483406637345,
    "valid_category_diversity": 7.0,
    "test_avg_worker_reward": 0.6010702772105402,
    "test_avg_requester_reward": 0.6671713135683544,
    "test_avg_combined_reward": 0.6341207953894472,
    "test_hitrate_at_1": 0.5455879270593167,
    "test_avg_score": 0.7600083839865857,
    "test_winner_rate": 0.0060783902745755606,
    "test_finalist_rate": 0.006253056661776008,
    "test_withdrawn_rate": 0.16579333473066443,
    "test_avg_worker_quality": 0.8913154838660511,
    "test_project_coverage": 0.12994802079168333,
    "test_category_diversity": 7.0
  }
}