valid_avg_worker_reward,valid_avg_requester_reward,valid_avg_combined_reward,valid_hitrate_at_1,valid_avg_score,valid_winner_rate,valid_finalist_rate,valid_withdrawn_rate,valid_avg_worker_quality,valid_project_coverage,valid_category_diversity,test_avg_worker_reward,test_avg_requester_reward,test_avg_combined_reward,test_hitrate_at_1,test_avg_score,test_winner_rate,test_finalist_rate,test_withdrawn_rate,test_avg_worker_quality,test_project_coverage,test_category_diversity
0.5363902199709546,0.5864303827449593,0.5614103013579569,0.4939737991266376,0.781764192139738,0.005449781659388646,0.005554585152838428,0.1902532751091703,0.8887726381421511,0.12754898040783685,7.0,0.5413720026168073,0.604741807028393,0.5730569048226,0.49524907426814785,0.692202892475372,0.005868790609935024,0.005938657164815203,0.15024802626982464,0.8913154838660511,0.13114754098360656,7.0
