{
  "artifact_dir": "/Users/amourlion/ecnu_rl_2026_final_proj/artifacts/processed",
  "output_dir": "/Users/amourlion/ecnu_rl_2026_final_proj/exps/dqn_worker_reward/outputs/v2",
  "experiment_name": "dqn_worker_reward",
  "reward_type": "worker",
  "network_type": "dqn",
  "replay_type": "uniform",
  "double_dqn": false,
  "candidate_k": 20,
  "alpha": 0.5,
  "lambda_repeat": 0.02,
  "train_steps": 133584,
  "eval_max_steps": null,
  "batch_size": 64,
  "min_replay_size": 1000,
  "replay_capacity": 50000,
  "gamma": 0.99,
  "learning_rate": 0.0005,
  "hidden_dim": 128,
  "target_update_interval": 1000,
  "epsilon_start": 1.0,
  "epsilon_end": 0.05,
  "epsilon_decay_steps": 80000,
  "per_alpha": 0.6,
  "per_beta_start": 0.4,
  "per_beta_end": 1.0,
  "priority_epsilon": 1e-06,
  "seed": 42,
  "device": "cpu",
  "timing": {
    "train_duration_s": 514.454,
    "eval_duration_s": 114.4,
    "total_duration_s": 628.853
  },
  "metrics": {
    "valid_avg_worker_reward": 0.5363902199709546,
    "valid_avg_requester_reward": 0.5864303827449593,
    "valid_avg_combined_reward": 0.5614103013579569,
    "valid_hitrate_at_1": 0.4939737991266376,
    "valid_avg_score": 0.781764192139738,
    "valid_winner_rate": 0.005449781659388646,
    "valid_finalist_rate": 0.005554585152838428,
    "valid_withdrawn_rate": 0.1902532751091703,
    "valid_avg_worker_quality": 0.8887726381421511,
    "valid_project_coverage": 0.12754898040783685,
    "valid_category_diversity": 7.0,
    "test_avg_worker_reward": 0.5413720026168073,
    "test_avg_requester_reward": 0.604741807028393,
    "test_avg_combined_reward": 0.5730569048226,
    "test_hitrate_at_1": 0.49524907426814785,
    "test_avg_score": 0.692202892475372,
    "test_winner_rate": 0.005868790609935024,
    "test_finalist_rate": 0.005938657164815203,
    "test_withdrawn_rate": 0.15024802626982464,
    "test_avg_worker_quality": 0.8913154838660511,
    "test_project_coverage": 0.13114754098360656,
    "test_category_diversity": 7.0
  }
}