valid_avg_worker_reward,valid_avg_requester_reward,valid_avg_combined_reward,valid_hitrate_at_1,valid_avg_score,valid_winner_rate,valid_finalist_rate,valid_withdrawn_rate,valid_avg_worker_quality,valid_project_coverage,valid_category_diversity,test_avg_worker_reward,test_avg_requester_reward,test_avg_combined_reward,test_hitrate_at_1,test_avg_score,test_winner_rate,test_finalist_rate,test_withdrawn_rate,test_avg_worker_quality,test_project_coverage,test_category_diversity
0.5959317219275367,0.64954131803,0.6227365199787684,0.5411004366812228,0.8686113537117904,0.006008733624454149,0.006218340611353712,0.20534497816593886,0.8887726381421511,0.1283486605357857,7.0,0.564114333266387,0.6276963116710961,0.5959053224687416,0.5120170474393908,0.7282889680709844,0.006043456997135471,0.006183190106895829,0.15678054915112136,0.8913154838660511,0.12634946021591364,7.0
