{
  "artifact_dir": "/mnt/d/vDesktop/ecnu_rl_2026_final_proj/artifacts/processed",
  "output_dir": "/mnt/d/vDesktop/ecnu_rl_2026_final_proj/exps/dueling_dqn/outputs/v6",
  "experiment_name": "dueling_dqn",
  "reward_type": "combined",
  "network_type": "dueling",
  "replay_type": "uniform",
  "double_dqn": false,
  "candidate_k": 20,
  "alpha": 0.5,
  "lambda_repeat": 0.02,
  "train_steps": 133584,
  "eval_max_steps": null,
  "batch_size": 64,
  "min_replay_size": 1000,
  "replay_capacity": 50000,
  "gamma": 0.99,
  "learning_rate": 0.0005,
  "hidden_dim": 128,
  "target_update_interval": 1000,
  "epsilon_start": 1.0,
  "epsilon_end": 0.05,
  "epsilon_decay_steps": 80000,
  "per_alpha": 0.6,
  "per_beta_start": 0.4,
  "per_beta_end": 1.0,
  "priority_epsilon": 1e-06,
  "seed": 42,
  "device": "cuda",
  "timing": {
    "train_duration_s": 8652.101,
    "eval_duration_s": 1061.335,
    "total_duration_s": 9713.435
  },
  "metrics": {
    "valid_avg_worker_reward": 0.5959317219275367,
    "valid_avg_requester_reward": 0.64954131803,
    "valid_avg_combined_reward": 0.6227365199787684,
    "valid_hitrate_at_1": 0.5411004366812228,
    "valid_avg_score": 0.8686113537117904,
    "valid_winner_rate": 0.006008733624454149,
    "valid_finalist_rate": 0.006218340611353712,
    "valid_withdrawn_rate": 0.20534497816593886,
    "valid_avg_worker_quality": 0.8887726381421511,
    "valid_project_coverage": 0.1283486605357857,
    "valid_category_diversity": 7.0,
    "test_avg_worker_reward": 0.564114333266387,
    "test_avg_requester_reward": 0.6276963116710961,
    "test_avg_combined_reward": 0.5959053224687416,
    "test_hitrate_at_1": 0.5120170474393908,
    "test_avg_score": 0.7282889680709844,
    "test_winner_rate": 0.006043456997135471,
    "test_finalist_rate": 0.006183190106895829,
    "test_withdrawn_rate": 0.15678054915112136,
    "test_avg_worker_quality": 0.8913154838660511,
    "test_project_coverage": 0.12634946021591364,
    "test_category_diversity": 7.0
  }
}