valid_avg_worker_reward,valid_avg_requester_reward,valid_avg_combined_reward,valid_hitrate_at_1,valid_avg_score,valid_winner_rate,valid_finalist_rate,valid_withdrawn_rate,valid_avg_worker_quality,valid_project_coverage,valid_category_diversity,test_avg_worker_reward,test_avg_requester_reward,test_avg_combined_reward,test_hitrate_at_1,test_avg_score,test_winner_rate,test_finalist_rate,test_withdrawn_rate,test_avg_worker_quality,test_project_coverage,test_category_diversity
0.5843664125640357,0.6358570480805706,0.6101117303223031,0.5333100436681223,0.8482794759825327,0.005449781659388646,0.0055895196506550214,0.20482096069868996,0.8887726381421511,0.13154738104758096,7.0,0.5929786166762798,0.6585782160645343,0.6257784163704071,0.5446097952909942,0.7188919164396004,0.00614825682945574,0.006287989939216097,0.16478026968490184,0.8913154838660511,0.1323470611755298,7.0
