{
  "artifact_dir": "/mnt/d/vDesktop/ecnu_rl_2026_final_proj/artifacts/processed",
  "output_dir": "/mnt/d/vDesktop/ecnu_rl_2026_final_proj/exps/prioritized_replay_dqn/outputs/v4",
  "experiment_name": "prioritized_replay_dqn",
  "reward_type": "combined",
  "network_type": "dqn",
  "replay_type": "prioritized",
  "double_dqn": false,
  "candidate_k": 20,
  "alpha": 0.5,
  "lambda_repeat": 0.02,
  "train_steps": 133584,
  "eval_max_steps": null,
  "batch_size": 64,
  "min_replay_size": 1000,
  "replay_capacity": 50000,
  "gamma": 0.99,
  "learning_rate": 0.0005,
  "hidden_dim": 128,
  "target_update_interval": 1000,
  "epsilon_start": 1.0,
  "epsilon_end": 0.05,
  "epsilon_decay_steps": 80000,
  "per_alpha": 0.6,
  "per_beta_start": 0.4,
  "per_beta_end": 1.0,
  "priority_epsilon": 1e-06,
  "seed": 42,
  "device": "cuda",
  "timing": {
    "train_duration_s": 16070.292,
    "eval_duration_s": 963.344,
    "total_duration_s": 17033.637
  },
  "metrics": {
    "valid_avg_worker_reward": 0.5843664125640357,
    "valid_avg_requester_reward": 0.6358570480805706,
    "valid_avg_combined_reward": 0.6101117303223031,
    "valid_hitrate_at_1": 0.5333100436681223,
    "valid_avg_score": 0.8482794759825327,
    "valid_winner_rate": 0.005449781659388646,
    "valid_finalist_rate": 0.0055895196506550214,
    "valid_withdrawn_rate": 0.20482096069868996,
    "valid_avg_worker_quality": 0.8887726381421511,
    "valid_project_coverage": 0.13154738104758096,
    "valid_category_diversity": 7.0,
    "test_avg_worker_reward": 0.5929786166762798,
    "test_avg_requester_reward": 0.6585782160645343,
    "test_avg_combined_reward": 0.6257784163704071,
    "test_hitrate_at_1": 0.5446097952909942,
    "test_avg_score": 0.7188919164396004,
    "test_winner_rate": 0.00614825682945574,
    "test_finalist_rate": 0.006287989939216097,
    "test_withdrawn_rate": 0.16478026968490184,
    "test_avg_worker_quality": 0.8913154838660511,
    "test_project_coverage": 0.1323470611755298,
    "test_category_diversity": 7.0
  }
}