valid_avg_worker_reward,valid_avg_requester_reward,valid_avg_combined_reward,valid_hitrate_at_1,valid_avg_score,valid_winner_rate,valid_finalist_rate,valid_withdrawn_rate,valid_avg_worker_quality,valid_project_coverage,valid_category_diversity,test_avg_worker_reward,test_avg_requester_reward,test_avg_combined_reward,test_hitrate_at_1,test_avg_score,test_winner_rate,test_finalist_rate,test_withdrawn_rate,test_avg_worker_quality,test_project_coverage,test_category_diversity
0.2379935151055885,0.27942762552089423,0.2587105703132413,0.2377991266375546,0.4303231441048035,0.002096069868995633,0.0022008733624454147,0.09184279475982533,0.8887726381421511,0.1255497800879648,7.0,0.2320802966792233,0.2790351426489318,0.25555771966407753,0.23852441836093063,0.3458394466568854,0.002759728917767065,0.0027946621952071545,0.07409348145042968,0.8913154838660511,0.12794882047181128,7.0
