{
  "artifact_dir": "/mnt/d/vDesktop/ecnu_rl_2026_final_proj/artifacts/processed",
  "output_dir": "/mnt/d/vDesktop/ecnu_rl_2026_final_proj/exps/prioritized_replay_dqn/outputs/v3",
  "experiment_name": "prioritized_replay_dqn",
  "reward_type": "combined",
  "network_type": "dqn",
  "replay_type": "prioritized",
  "double_dqn": false,
  "candidate_k": 20,
  "alpha": 0.5,
  "train_steps": 133584,
  "eval_max_steps": null,
  "batch_size": 64,
  "min_replay_size": 1000,
  "replay_capacity": 50000,
  "gamma": 0.99,
  "learning_rate": 0.0005,
  "hidden_dim": 128,
  "target_update_interval": 1000,
  "epsilon_start": 1.0,
  "epsilon_end": 0.05,
  "epsilon_decay_steps": 80000,
  "per_alpha": 0.6,
  "per_beta_start": 0.4,
  "per_beta_end": 1.0,
  "priority_epsilon": 1e-06,
  "seed": 42,
  "device": "cuda",
  "timing": {
    "train_duration_s": 27840.162,
    "eval_duration_s": 1289.97,
    "total_duration_s": 29130.133
  },
  "metrics": {
    "valid_avg_worker_reward": 0.2379935151055885,
    "valid_avg_requester_reward": 0.27942762552089423,
    "valid_avg_combined_reward": 0.2587105703132413,
    "valid_hitrate_at_1": 0.2377991266375546,
    "valid_avg_score": 0.4303231441048035,
    "valid_winner_rate": 0.002096069868995633,
    "valid_finalist_rate": 0.0022008733624454147,
    "valid_withdrawn_rate": 0.09184279475982533,
    "valid_avg_worker_quality": 0.8887726381421511,
    "valid_project_coverage": 0.1255497800879648,
    "valid_category_diversity": 7.0,
    "test_avg_worker_reward": 0.2320802966792233,
    "test_avg_requester_reward": 0.2790351426489318,
    "test_avg_combined_reward": 0.25555771966407753,
    "test_hitrate_at_1": 0.23852441836093063,
    "test_avg_score": 0.3458394466568854,
    "test_winner_rate": 0.002759728917767065,
    "test_finalist_rate": 0.0027946621952071545,
    "test_withdrawn_rate": 0.07409348145042968,
    "test_avg_worker_quality": 0.8913154838660511,
    "test_project_coverage": 0.12794882047181128,
    "test_category_diversity": 7.0
  }
}