valid_avg_worker_reward,valid_avg_requester_reward,valid_avg_combined_reward,valid_hitrate_at_1,valid_avg_score,valid_winner_rate,valid_finalist_rate,valid_withdrawn_rate,valid_avg_worker_quality,valid_project_coverage,valid_category_diversity,test_avg_worker_reward,test_avg_requester_reward,test_avg_combined_reward,test_hitrate_at_1,test_avg_score,test_winner_rate,test_finalist_rate,test_withdrawn_rate,test_avg_worker_quality,test_project_coverage,test_category_diversity
0.6036935998112818,0.6570805628082225,0.6303870813097522,0.5485414847161572,0.8751441048034935,0.005834061135371179,0.0060436681222707424,0.20880349344978166,0.8887726381421511,0.124750099960016,7.0,0.5842980060057782,0.6500861859400472,0.6171920959729126,0.5323482149095228,0.7426116118214211,0.005973590442255292,0.0060783902745755606,0.16257947320617622,0.8913154838660511,0.124750099960016,7.0
