{
  "artifact_dir": "/mnt/d/vDesktop/ecnu_rl_2026_final_proj/artifacts/processed",
  "output_dir": "/mnt/d/vDesktop/ecnu_rl_2026_final_proj/exps/dueling_dqn/outputs/v3",
  "experiment_name": "dueling_dqn",
  "reward_type": "combined",
  "network_type": "dueling",
  "replay_type": "uniform",
  "double_dqn": false,
  "candidate_k": 20,
  "alpha": 0.5,
  "train_steps": 133584,
  "eval_max_steps": null,
  "batch_size": 64,
  "min_replay_size": 1000,
  "replay_capacity": 50000,
  "gamma": 0.99,
  "learning_rate": 0.0005,
  "hidden_dim": 128,
  "target_update_interval": 1000,
  "epsilon_start": 1.0,
  "epsilon_end": 0.05,
  "epsilon_decay_steps": 80000,
  "per_alpha": 0.6,
  "per_beta_start": 0.4,
  "per_beta_end": 1.0,
  "priority_epsilon": 1e-06,
  "seed": 42,
  "device": "cuda",
  "timing": {
    "train_duration_s": 34497.406,
    "eval_duration_s": 746.124,
    "total_duration_s": 35243.53
  },
  "metrics": {
    "valid_avg_worker_reward": 0.6036935998112818,
    "valid_avg_requester_reward": 0.6570805628082225,
    "valid_avg_combined_reward": 0.6303870813097522,
    "valid_hitrate_at_1": 0.5485414847161572,
    "valid_avg_score": 0.8751441048034935,
    "valid_winner_rate": 0.005834061135371179,
    "valid_finalist_rate": 0.0060436681222707424,
    "valid_withdrawn_rate": 0.20880349344978166,
    "valid_avg_worker_quality": 0.8887726381421511,
    "valid_project_coverage": 0.124750099960016,
    "valid_category_diversity": 7.0,
    "test_avg_worker_reward": 0.5842980060057782,
    "test_avg_requester_reward": 0.6500861859400472,
    "test_avg_combined_reward": 0.6171920959729126,
    "test_hitrate_at_1": 0.5323482149095228,
    "test_avg_score": 0.7426116118214211,
    "test_winner_rate": 0.005973590442255292,
    "test_finalist_rate": 0.0060783902745755606,
    "test_withdrawn_rate": 0.16257947320617622,
    "test_avg_worker_quality": 0.8913154838660511,
    "test_project_coverage": 0.124750099960016,
    "test_category_diversity": 7.0
  }
}