valid_avg_worker_reward,valid_avg_requester_reward,valid_avg_combined_reward,valid_hitrate_at_1,valid_avg_score,valid_winner_rate,valid_finalist_rate,valid_withdrawn_rate,valid_avg_worker_quality,valid_project_coverage,valid_category_diversity,test_avg_worker_reward,test_avg_requester_reward,test_avg_combined_reward,test_hitrate_at_1,test_avg_score,test_winner_rate,test_finalist_rate,test_withdrawn_rate,test_avg_worker_quality,test_project_coverage,test_category_diversity
0.009951204151887992,0.06170041443358367,0.035825809292735836,0.0874410480349345,0.14232314410480348,0.00062882096069869,0.0007336244541484716,0.0325589519650655,0.8887726381421511,0.03558576569372251,7.0,-0.0023563242042730576,0.051624215090783396,0.024633945443255173,0.08621532872214072,0.06818975756305456,0.0005938657164815203,0.0006986655488017886,0.02452316076294278,0.8913154838660511,0.03838464614154338,7.0
