{
  "artifact_dir": "/mnt/d/vDesktop/ecnu_rl_2026_final_proj/artifacts/processed",
  "output_dir": "/mnt/d/vDesktop/ecnu_rl_2026_final_proj/exps/prioritized_replay_dqn/outputs/v2",
  "experiment_name": "prioritized_replay_dqn",
  "reward_type": "combined",
  "network_type": "dqn",
  "replay_type": "prioritized",
  "double_dqn": false,
  "candidate_k": 20,
  "alpha": 0.5,
  "train_steps": 133584,
  "eval_max_steps": null,
  "batch_size": 64,
  "min_replay_size": 1000,
  "replay_capacity": 50000,
  "gamma": 0.99,
  "learning_rate": 0.0005,
  "hidden_dim": 128,
  "target_update_interval": 1000,
  "epsilon_start": 1.0,
  "epsilon_end": 0.05,
  "epsilon_decay_steps": 80000,
  "per_alpha": 0.6,
  "per_beta_start": 0.4,
  "per_beta_end": 1.0,
  "priority_epsilon": 1e-06,
  "seed": 42,
  "device": "cuda",
  "timing": {
    "train_duration_s": 27268.365,
    "eval_duration_s": 781.307,
    "total_duration_s": 28049.671
  },
  "metrics": {
    "valid_avg_worker_reward": 0.009951204151887992,
    "valid_avg_requester_reward": 0.06170041443358367,
    "valid_avg_combined_reward": 0.035825809292735836,
    "valid_hitrate_at_1": 0.0874410480349345,
    "valid_avg_score": 0.14232314410480348,
    "valid_winner_rate": 0.00062882096069869,
    "valid_finalist_rate": 0.0007336244541484716,
    "valid_withdrawn_rate": 0.0325589519650655,
    "valid_avg_worker_quality": 0.8887726381421511,
    "valid_project_coverage": 0.03558576569372251,
    "valid_category_diversity": 7.0,
    "test_avg_worker_reward": -0.0023563242042730576,
    "test_avg_requester_reward": 0.051624215090783396,
    "test_avg_combined_reward": 0.024633945443255173,
    "test_hitrate_at_1": 0.08621532872214072,
    "test_avg_score": 0.06818975756305456,
    "test_winner_rate": 0.0005938657164815203,
    "test_finalist_rate": 0.0006986655488017886,
    "test_withdrawn_rate": 0.02452316076294278,
    "test_avg_worker_quality": 0.8913154838660511,
    "test_project_coverage": 0.03838464614154338,
    "test_category_diversity": 7.0
  }
}